1,3,1234567890567,molestie tellus. Aenean egestas hendrerit neque.
2,5,1234567890789,ipsum. Suspendisse
3,1,1234567890901,risus
4,4,1234567890901,et netus et malesuada
5,3,1234567890123,"dapibus id, blandit at, nisi. Cum"
6,2,1234567890567,vehicula. Pellentesque tincidunt tempus risus. Donec egestas. Duis
7,5,1234567890345,habitant morbi tristique senectus et
8,1,1234567890345,"pellentesque, tellus sem mollis dui, in sodales"
9,4,1234567890123,ornare tortor at
10,3,1234567890345,Donec sollicitudin adipiscing ligula. Aenean gravida nunc
