1,1234567890567,3,non sapien molestie orci tincidunt adipiscing. Mauris
2,1234567890901,2,a
3,1234567890789,1,"Quisque ac libero nec ligula consectetuer rhoncus. Nullam velit dui,"
4,1234567890123,7,cubilia Curae Phasellus ornare. Fusce mollis. Duis sit
5,1234567890345,2,"consectetuer,"
6,1234567890567,5,Cum sociis natoque penatibus et magnis dis
7,1234567890901,5,Integer id magna et ipsum cursus vestibulum. Mauris
8,1234567890567,1,scelerisque scelerisque dui. Suspendisse ac metus vitae velit egestas lacinia.
9,1234567890567,6,hendrerit. Donec porttitor tellus non magna. Nam ligula
10,1234567890789,7,adipiscing elit.
11,1234567890345,3,"mauris id sapien. Cras dolor dolor, tempus non,"
12,1234567890345,1,sed
13,1234567890789,4,Cras convallis convallis dolor. Quisque tincidunt pede ac urna. Ut
14,1234567890123,6,nascetur ridiculus mus. Donec dignissim magna a
15,1234567890345,3,arcu. Sed eu nibh
